{
    "url": {
        "match": "http://mapps.cricbuzz.com/cbzios/match"
    },
    "matches": [
        {
            "match_id": "22859",
            "series_id": "2856",
            "series_name": "India tour of West Indies 2019",
            "data_path": "2019/2019_WI_IND/WI_IND_AUG22_AUG26/",
            "header": {
                "start_time": "1566480600",
                "end_time": "1566763860",
                "state": "mom",
                "winning_team_id": 2,
                "match_desc": "1st Test",
                "mom": [
                    1447
                ],
                "momNames": [
                    "A Rahane"
                ],
                "type": "TEST",
                "state_title": "IND Won",
                "toss": "West Indies elect to bowl",
                "status": "IND won by 318 runs"
            },
            "alerts": "1",
            "venue": {
                "name": "Sir Vivian Richards Stadium",
                "location": "North Sound, Antigua, West Indies",
                "timezone": "-04:00",
                "lat": "17.103332",
                "long": "-61.784959"
            },
            "bat_team": {
                "id": "10",
                "innings": [
                    {
                        "id": "2",
                        "score": "222",
                        "wkts": "10",
                        "overs": "74.2"
                    },
                    {
                        "id": "4",
                        "score": "100",
                        "wkts": "10",
                        "overs": "26.5"
                    }
                ]
            },
            "bow_team": {
                "id": "2",
                "innings": [
                    {
                        "id": "1",
                        "score": "297",
                        "wkts": "10",
                        "overs": "96.4"
                    },
                    {
                        "id": "3",
                        "score": "343",
                        "decl": "true",
                        "wkts": "7",
                        "overs": "112.3"
                    }
                ]
            },
            "batsman": [
                {
                    "id": "9405",
                    "name": "M Cummins",
                    "strike": "0",
                    "r": "19",
                    "b": "22",
                    "4s": "2",
                    "6s": "1"
                }
            ],
            "bowler": [
                {
                    "id": "702",
                    "name": "Ishant",
                    "o": "9.5",
                    "m": "1",
                    "r": "31",
                    "w": "3"
                }
            ],
            "team1": {
                "id": "10",
                "name": "West Indies",
                "s_name": "WI",
                "flag": "1"
            },
            "team2": {
                "id": "2",
                "name": "India",
                "s_name": "IND",
                "flag": "1"
            },
            "srs_category": [
                0,
                1
            ]
        },
        {
            "match_id": "20717",
            "series_id": "2730",
            "series_name": "The Ashes 2019",
            "data_path": "2019/2019_ASHES/ENG_AUS_AUG22_AUG26/",
            "header": {
                "start_time": "1566468000",
                "end_time": "1566746280",
                "state": "inprogress",
                "winning_team_id": 9,
                "match_desc": "3rd Test",
                "mom": [
                    6557
                ],
                "momNames": [
                    "Stokes"
                ],
                "type": "TEST",
                "state_title": "ENG Won",
                "toss": "England elect to bowl",
                "status": "ENG need 27 runs to win"
            },
            "alerts": "1",
            "venue": {
                "name": "Headingley",
                "location": "Leeds, England",
                "timezone": "+01:00",
                "lat": "53.817622",
                "long": "-1.58211"
            },
            "bat_team": {
                "id": "9",
                "innings": [
                    {
                        "id": "2",
                        "score": "153",
                        "wkts": "8",
                        "overs": "27.5"
                    },
                    {
                        "id": "4",
                        "score": "362",
                        "wkts": "9",
                        "overs": "125.4"
                    }
                ]
            },
            "bow_team": {
                "id": "4",
                "innings": [
                    {
                        "id": "1",
                        "score": "179",
                        "wkts": "10",
                        "overs": "52.1"
                    },
                    {
                        "id": "3",
                        "score": "246",
                        "wkts": "10",
                        "overs": "75.2"
                    }
                ]
            },
            "batsman": [
                {
                    "id": "6557",
                    "name": "Stokes",
                    "strike": "1",
                    "r": "135",
                    "b": "219",
                    "4s": "11",
                    "6s": "8"
                },
                {
                    "id": "8578",
                    "name": "Jack Leach",
                    "strike": "0",
                    "r": "1",
                    "b": "17",
                    "4s": "0",
                    "6s": "0"
                }
            ],
            "bowler": [
                {
                    "id": "8095",
                    "name": "Pat Cummins",
                    "o": "24.4",
                    "m": "5",
                    "r": "80",
                    "w": "1"
                }
            ],
            "team1": {
                "id": "9",
                "name": "England",
                "s_name": "ENG",
                "flag": "1"
            },
            "team2": {
                "id": "4",
                "name": "Australia",
                "s_name": "AUS",
                "flag": "1"
            },
            "srs_category": [
                0,
                1
            ]
        },
        {
            "match_id": "22955",
            "series_id": "2867",
            "series_name": "New Zealand tour of Sri Lanka 2019",
            "data_path": "2019/2019_SL_NZ/SL_NZ_AUG22_AUG26/",
            "header": {
                "start_time": "1566448200",
                "end_time": "1566817980",
                "state": "mom",
                "winning_team_id": 13,
                "match_desc": "2nd Test",
                "mom": [
                    8216
                ],
                "momNames": [
                    "Latham"
                ],
                "mos": [
                    1459
                ],
                "mosNames": [
                    "Watling"
                ],
                "type": "TEST",
                "state_title": "NZ Won",
                "toss": "Sri Lanka elect to bat",
                "status": "NZ won by an innings and 65 runs"
            },
            "alerts": "1",
            "venue": {
                "name": "P Sara Oval",
                "location": "Colombo, Sri Lanka",
                "timezone": "+05:30",
                "lat": "6.919014",
                "long": "79.884236"
            },
            "bat_team": {
                "id": "5",
                "innings": [
                    {
                        "id": "1",
                        "score": "244",
                        "wkts": "10",
                        "overs": "90.2"
                    },
                    {
                        "id": "3",
                        "score": "122",
                        "wkts": "10",
                        "overs": "70.2"
                    }
                ]
            },
            "bow_team": {
                "id": "13",
                "innings": [
                    {
                        "id": "2",
                        "score": "431",
                        "decl": "true",
                        "wkts": "6",
                        "overs": "115"
                    }
                ]
            },
            "batsman": [
                {
                    "id": "10928",
                    "name": "Lahiru Kumara",
                    "strike": "0",
                    "r": "0",
                    "b": "3",
                    "4s": "0",
                    "6s": "0"
                }
            ],
            "bowler": [
                {
                    "id": "8117",
                    "name": "Boult",
                    "o": "14.2",
                    "m": "8",
                    "r": "17",
                    "w": "2"
                }
            ],
            "team1": {
                "id": "5",
                "name": "Sri Lanka",
                "s_name": "SL",
                "flag": "1"
            },
            "team2": {
                "id": "13",
                "name": "New Zealand",
                "s_name": "NZ",
                "flag": "1"
            },
            "srs_category": [
                0,
                1
            ]
        },
        {
            "match_id": "21970",
            "series_id": "2782",
            "series_name": "T20 Blast 2019",
            "data_path": "2019/2019_T20_BLAST/DUR_WARKS_AUG27/",
            "header": {
                "start_time": "1566927000",
                "end_time": "1566939660",
                "state": "mom",
                "dn": 1,
                "winning_team_id": 140,
                "match_desc": "North Group",
                "mom": [
                    12991
                ],
                "momNames": [
                    "Ed Pollock"
                ],
                "type": "T20",
                "state_title": "WARKS Won",
                "toss": "Warwickshire elect to bowl",
                "status": "WARKS won by 7 wkts (DLS method)"
            },
            "alerts": "1",
            "venue": {
                "name": "Riverside Ground",
                "location": "Chester-le-Street, England",
                "timezone": "+01:00",
                "lat": "54.849531",
                "long": "-1.56103"
            },
            "bat_team": {
                "id": "140",
                "innings": [
                    {
                        "id": "2",
                        "score": "153",
                        "wkts": "3",
                        "overs": "18.5"
                    }
                ]
            },
            "bow_team": {
                "id": "141",
                "innings": [
                    {
                        "id": "1",
                        "score": "151",
                        "wkts": "5",
                        "overs": "19"
                    }
                ]
            },
            "batsman": [
                {
                    "id": "11700",
                    "name": "Matthew Lamb",
                    "strike": "1",
                    "r": "26",
                    "b": "23",
                    "4s": "2",
                    "6s": "0"
                },
                {
                    "id": "9362",
                    "name": "W Rhodes",
                    "strike": "0",
                    "r": "5",
                    "b": "7",
                    "4s": "0",
                    "6s": "0"
                }
            ],
            "bowler": [
                {
                    "id": "12777",
                    "name": "Matty Potts",
                    "o": "2.5",
                    "m": "0",
                    "r": "22",
                    "w": "0"
                }
            ],
            "team1": {
                "id": "141",
                "name": "Durham",
                "s_name": "DUR",
                "flag": "1"
            },
            "team2": {
                "id": "140",
                "name": "Warwickshire",
                "s_name": "WARKS",
                "flag": "1"
            },
            "srs_category": [
                0,
                2
            ]
        },
        {
            "match_id": "21969",
            "series_id": "2782",
            "series_name": "T20 Blast 2019",
            "data_path": "2019/2019_T20_BLAST/SUR_SOM_AUG27/",
            "header": {
                "start_time": "1566927000",
                "end_time": "1566936960",
                "state": "mom",
                "dn": 1,
                "winning_team_id": 148,
                "match_desc": "South Group",
                "mom": [
                    1643
                ],
                "momNames": [
                    "Finch"
                ],
                "type": "T20",
                "state_title": "SUR Won",
                "toss": "Somerset elect to bat",
                "status": "SUR won by 6 wkts"
            },
            "alerts": "1",
            "venue": {
                "name": "Kennington Oval",
                "location": "London, England",
                "timezone": "+01:00",
                "lat": "51.48368",
                "long": "-0.114885"
            },
            "bat_team": {
                "id": "148",
                "innings": [
                    {
                        "id": "2",
                        "score": "158",
                        "wkts": "4",
                        "overs": "16.3"
                    }
                ]
            },
            "bow_team": {
                "id": "119",
                "innings": [
                    {
                        "id": "1",
                        "score": "157",
                        "wkts": "9",
                        "overs": "20"
                    }
                ]
            },
            "batsman": [
                {
                    "id": "1643",
                    "name": "Finch",
                    "strike": "1",
                    "r": "102",
                    "b": "53",
                    "4s": "5",
                    "6s": "9"
                },
                {
                    "id": "8013",
                    "name": "Jordan Clark",
                    "strike": "0",
                    "r": "8",
                    "b": "5",
                    "4s": "0",
                    "6s": "1"
                }
            ],
            "bowler": [
                {
                    "id": "379",
                    "name": "Jerome Taylor",
                    "o": "3.3",
                    "m": "0",
                    "r": "27",
                    "w": "0"
                }
            ],
            "team1": {
                "id": "148",
                "name": "Surrey",
                "s_name": "SUR",
                "flag": "1"
            },
            "team2": {
                "id": "119",
                "name": "Somerset",
                "s_name": "SOM",
                "flag": "1"
            },
            "srs_category": [
                0,
                2
            ]
        },
        {
            "match_id": "23128",
            "series_id": "2876",
            "series_name": "Karnataka Premier League 2019",
            "data_path": "2019/2019_KPL/SML_BIJ_AUG27/",
            "header": {
                "start_time": "1566912600",
                "end_time": "1566925620",
                "state": "mom",
                "dn": 1,
                "winning_team_id": 125,
                "match_desc": "21st Match",
                "mom": [
                    10366
                ],
                "momNames": [
                    "Naveen MG"
                ],
                "type": "T20",
                "state_title": "BIJ Won",
                "toss": "Shivamogga Lions elect to bowl",
                "status": "BIJ won by 17 runs"
            },
            "alerts": "1",
            "venue": {
                "name": "Srikantadatta Narasimha Raja Wadiyar Ground",
                "location": "Mysore, India",
                "timezone": "+05:30",
                "lat": "12.295810",
                "long": "76.639381"
            },
            "bat_team": {
                "id": "309",
                "innings": [
                    {
                        "id": "2",
                        "score": "178",
                        "wkts": "5",
                        "overs": "20"
                    }
                ]
            },
            "bow_team": {
                "id": "125",
                "innings": [
                    {
                        "id": "1",
                        "score": "195",
                        "wkts": "4",
                        "overs": "20"
                    }
                ]
            },
            "batsman": [
                {
                    "id": "10488",
                    "name": "M Nidhish",
                    "strike": "1",
                    "r": "45",
                    "b": "22",
                    "4s": "1",
                    "6s": "5"
                },
                {
                    "id": "8926",
                    "name": "HS Sharath",
                    "strike": "0",
                    "r": "4",
                    "b": "5",
                    "4s": "0",
                    "6s": "0"
                }
            ],
            "bowler": [
                {
                    "id": "10494",
                    "name": "Prateek Jain",
                    "o": "4",
                    "m": "0",
                    "r": "30",
                    "w": "0"
                }
            ],
            "team1": {
                "id": "309",
                "name": "Shivamogga Lions",
                "s_name": "SML",
                "flag": "1"
            },
            "team2": {
                "id": "125",
                "name": "Bijapur Bulls",
                "s_name": "BIJ",
                "flag": "1"
            },
            "srs_category": [
                0,
                2
            ]
        },
        {
            "match_id": "23127",
            "series_id": "2876",
            "series_name": "Karnataka Premier League 2019",
            "data_path": "2019/2019_KPL/HT_BLB_AUG27/",
            "header": {
                "start_time": "1566898200",
                "end_time": "1566912720",
                "state": "mom",
                "winning_team_id": 310,
                "match_desc": "20th Match",
                "mom": [
                    1449
                ],
                "momNames": [
                    "Vinay Kumar"
                ],
                "type": "T20",
                "state_title": "HT Won",
                "toss": "Hubli Tigers elect to bowl",
                "status": "HT won by 7 wkts"
            },
            "alerts": "1",
            "venue": {
                "name": "Srikantadatta Narasimha Raja Wadiyar Ground",
                "location": "Mysore, India",
                "timezone": "+05:30",
                "lat": "12.295810",
                "long": "76.639381"
            },
            "bat_team": {
                "id": "310",
                "innings": [
                    {
                        "id": "2",
                        "score": "164",
                        "wkts": "3",
                        "overs": "17.4"
                    }
                ]
            },
            "bow_team": {
                "id": "423",
                "innings": [
                    {
                        "id": "1",
                        "score": "158",
                        "wkts": "9",
                        "overs": "20"
                    }
                ]
            },
            "batsman": [
                {
                    "id": "13082",
                    "name": "KL Shrijith",
                    "strike": "1",
                    "r": "17",
                    "b": "11",
                    "4s": "1",
                    "6s": "1"
                },
                {
                    "id": "1449",
                    "name": "Vinay Kumar",
                    "strike": "0",
                    "r": "81",
                    "b": "51",
                    "4s": "13",
                    "6s": "0"
                }
            ],
            "bowler": [
                {
                    "id": "10571",
                    "name": "Anand Doddamani",
                    "o": "3.4",
                    "m": "0",
                    "r": "26",
                    "w": "0"
                }
            ],
            "team1": {
                "id": "310",
                "name": "Hubli Tigers",
                "s_name": "HT",
                "flag": "1"
            },
            "team2": {
                "id": "423",
                "name": "Bengaluru Blasters",
                "s_name": "BLB",
                "flag": "0"
            },
            "srs_category": [
                0,
                2
            ]
        },
        {
            "match_id": "23129",
            "series_id": "2876",
            "series_name": "India tour of West Indies 2019",
            "data_path": "2019/2019_KPL/BLARY_BP_AUG28/",
            "header": {
                "timeDiff": "9:9",
                "start_time": "1566999000",
                "end_time": "1567011600",
                "state": "preview",
                "dn": 1,
                "match_desc": "Qualifier 1",
                "type": "T20",
                "state_title": "Preview",
                "toss": "",
                "status": "Starts in 9 hrs 09 mins"
            },
            "alerts": "1",
            "venue": {
                "name": "Sir Vivian Richards Stadium",
                "location": "Mysore, India",
                "timezone": "+05:30",
                "lat": "12.295810",
                "long": "76.639381"
            },
            "team1": {
                "id": "308",
                "name": "West Indies",
                "s_name": "WI",
                "flag": "1"
            },
            "team2": {
                "id": "123",
                "name": "India",
                "s_name": "IND",
                "flag": "1"
            },
            "srs_category": [
                0,
                2
            ]
        },
        {
            "match_id": "21971",
            "series_id": "2782",
            "series_name": "T20 Blast 2019",
            "data_path": "2019/2019_T20_BLAST/WORCS_NOTTS_AUG28/",
            "header": {
                "timeDiff": "10:39",
                "start_time": "1567004400",
                "end_time": "1567017000",
                "state": "preview",
                "dn": 1,
                "match_desc": "North Group",
                "type": "T20",
                "state_title": "Preview",
                "toss": "",
                "status": "Starts in 10 hrs 39 mins"
            },
            "alerts": "1",
            "venue": {
                "name": "New Road",
                "location": "Worcester, England",
                "timezone": "+01:00",
                "lat": "52.189294",
                "long": "-2.2268"
            },
            "team1": {
                "id": "147",
                "name": "England",
                "s_name": "ENG",
                "flag": "1"
            },
            "team2": {
                "id": "139",
                "name": "Australia",
                "s_name": "AUS",
                "flag": "1"
            },
            "srs_category": [
                0,
                2
            ]
        },
        {
            "match_id": "22019",
            "series_id": "2784",
            "series_name": "New Zealand tour of Sri Lanka 2019",
            "data_path": "2019/2019_SL_NZ/SL_NZ_AUG22_AUG26/",
            "header": {
                "timeDiff": "9:9",
                "start_time": "1566999000",
                "end_time": "1567011600",
                "state": "preview",
                "match_desc": "28th Match",
                "type": "T20",
                "state_title": "Preview",
                "toss": "",
                "status": "Starts in 9 hrs 09 mins"
            },
            "alerts": "1",
            "venue": {
                "name": "Stanley Park",
                "location": "Blackpool, England",
                "timezone": "+01:00",
                "lat": "53.815945",
                "long": "-3.030751"
            },
            "team1": {
                "id": "420",
                "name": "Sri Lanka",
                "s_name": "SL",
                "flag": "1"
            },
            "team2": {
                "id": "422",
                "name": "New Zealand",
                "s_name": "NZ",
                "flag": "1"
            },
            "srs_category": [
                0,
                3
            ]
        },
        {
            "match_id": "22020",
            "series_id": "2784",
            "series_name": "Womens Cricket Super League 2019",
            "data_path": "2019/2019_WCSL/WS_YD_AUG28/",
            "header": {
                "timeDiff": "13:9",
                "start_time": "1567013400",
                "end_time": "1567026000",
                "state": "preview",
                "dn": 1,
                "match_desc": "29th Match",
                "type": "T20",
                "state_title": "Preview",
                "toss": "",
                "status": "Starts in 13 hrs 09 mins"
            },
            "alerts": "1",
            "venue": {
                "name": "The Cooper Associates County Ground",
                "location": "Taunton, England",
                "timezone": "+01:00",
                "lat": "51.018913",
                "long": "3.100894"
            },
            "team1": {
                "id": "418",
                "name": "Sri Lanka",
                "s_name": "SL",
                "flag": "1"
            },
            "team2": {
                "id": "419",
                "name": "Pakistan",
                "s_name": "PAK",
                "flag": "1"
            },
            "srs_category": [
                0,
                3
            ]
        },
        {
            "match_id": "22021",
            "series_id": "2784",
            "series_name": "Womens Cricket Super League 2019",
            "data_path": "2019/2019_WCSL/SV_LBL_AUG28/",
            "header": {
                "timeDiff": "13:9",
                "start_time": "1567013400",
                "end_time": "1567026000",
                "state": "preview",
                "dn": 1,
                "match_desc": "30th Match",
                "type": "T20",
                "state_title": "Preview",
                "toss": "",
                "status": "Starts in 13 hrs 09 mins"
            },
            "alerts": "1",
            "venue": {
                "name": "The Rose Bowl",
                "location": "Southampton, England",
                "timezone": "+01:00",
                "lat": "50.924131",
                "long": "-1.322163"
            },
            "team1": {
                "id": "417",
                "name": "India",
                "s_name": "IND",
                "flag": "1"
            },
            "team2": {
                "id": "421",
                "name": "PAKISTAN",
                "s_name": "PAK",
                "flag": "1"
            },
            "srs_category": [
                0,
                3
            ]
        }
    ],
    "srs_category": [
        {
            "id": 0,
            "title": "All Matches"
        },
        {
            "id": 1,
            "title": "International Matches"
        },
        {
            "id": 2,
            "title": "League Matches"
        },
        {
            "id": 3,
            "title": "Domestic Matches"
        }
    ]
}


